,charging_capacity_kW,distance_km,num_ev_stations_route,charger_power_kW,charging_capacity_kWh,charging_duration_hours,charging_demand,station_density,high_load_route
count,10296.0,10296.0,10296.0,10296.0,10296.0,10296.0,10296.0,10296.0,10296.0
mean,47.82036713286713,304.5852758352758,25.030885780885782,32.0215034965035,45.86052836052836,4.702549533799534,32.02082360689001,0.17114251394628885,0.4935897435897436
std,50.9198028796728,166.8337270592767,13.686087909455363,33.94364054253467,18.268744739554,5.351654461559876,33.94417558651723,0.32166251689821107,0.49998318797154934
min,3.3,10.0,1.0,3.3,20.0,0.2,3.2996040475142983,0.0016778523489932,0.0
25%,7.2,165.0,14.0,7.4,30.0,0.91,7.396449704142012,0.0438756855575868,0.0
50%,22.0,304.0,25.0,11.0,50.0,2.73,11.009174311926603,0.081967213114754,0.0
75%,100.0,445.0,37.0,50.0,60.0,6.76,50.0,0.15334355828220855,1.0
max,150.0,599.0,49.0,100.0,75.0,22.73,100.0,4.7,1.0
